{"initial_reset_timestamp": 1613505254.715203, "timestamps": [1613505256.7650628], "episode_lengths": [12], "episode_rewards": [3.0], "episode_types": ["t"]}