{"initial_reset_timestamp": 1614677921.6753469, "timestamps": [1614677921.677691], "episode_lengths": [25], "episode_rewards": [1.0], "episode_types": ["t"]}